<!DOCTYPE PATCH  SYSTEM "http://vvvv.org/versions/vvvv45beta33.1.dtd" >
   <PATCH nodename="E:\projects\vrmice\VRMice\UDPSender.v4p" scrollx="0" scrolly="0" systemname="UDPSender" filename="C:\Users\Administrator\Desktop\UDPSender.v4p">
   <BOUNDS height="12405" left="39000" top="1215" type="Window" width="9315">
   </BOUNDS>
   <NODE componentmode="InABox" id="9" nodename="IOBOX (VALUE ADVANCED)" systemname="IOBox (Value Advanced)">
   <BOUNDS height="0" left="3285" top="6705" type="Node" width="0">
   </BOUNDS>
   <BOUNDS height="160" left="7725" top="6075" type="Window" width="215">
   </BOUNDS>
   <BOUNDS height="240" left="3285" top="6705" type="Box" width="795">
   </BOUNDS>
   <PIN pinname="Y Output Value" visible="1">
   </PIN>
   <PIN pinname="Y Input Value" slicecount="1" values="8936">
   </PIN>
   <PIN pinname="Minimum" slicecount="1" values="0">
   </PIN>
   <PIN pinname="Maximum" slicecount="1" values="9999999">
   </PIN>
   <PIN pinname="Descriptive Name" slicecount="1" values="||">
   </PIN>
   </NODE>
   <NODE componentmode="InABox" id="4" nodename="IOBox (String)" systemname="IOBox (String)">
   <BOUNDS height="0" left="2925" top="6060" type="Node" width="0">
   </BOUNDS>
   <BOUNDS height="160" left="8520" top="6090" type="Window" width="215">
   </BOUNDS>
   <BOUNDS height="300" left="2925" top="6060" type="Box" width="1185">
   </BOUNDS>
   <PIN pinname="Output String" visible="1">
   </PIN>
   <PIN pinname="Input String" slicecount="1" values="127.0.0.1">
   </PIN>
   <PIN pinname="Descriptive Name" slicecount="1" values="||">
   </PIN>
   </NODE>
   <NODE componentmode="InABox" id="2" nodename="IOBox (String)" systemname="IOBox (String)">
   <BOUNDS height="270" left="15" top="15" type="Node" width="915">
   </BOUNDS>
   <BOUNDS height="375" left="15" top="15" type="Box" width="3765">
   </BOUNDS>
   <BOUNDS height="160" left="10800" top="43860" type="Window" width="215">
   </BOUNDS>
   <PIN pinname="Input String" slicecount="1" visible="0" values="|UDP (Network Client)|">
   </PIN>
   <PIN pinname="Output String" visible="0">
   </PIN>
   <PIN pinname="Show Grid" slicecount="1" values="0">
   </PIN>
   <PIN pinname="Size" slicecount="1" values="12">
   </PIN>
   </NODE>
   <NODE id="8" nodename="UDP (Network Client)" systemname="UDP (Network Client)">
   <BOUNDS height="270" left="1425" top="8085" type="Node" width="1920">
   </BOUNDS>
   <PIN pinname="Remote Port" visible="1">
   </PIN>
   <PIN pinname="Input" visible="1" slicecount="1" values="||">
   </PIN>
   <PIN pinname="Do Send" visible="1" slicecount="8" values="0,0,0,0,0,0,0,0">
   </PIN>
   <PIN pinname="Remote Host" visible="1">
   </PIN>
   </NODE>
   <LINK dstnodeid="8" dstpinname="Remote Port" linkstyle="PolyLine" srcnodeid="9" srcpinname="Y Output Value">
   </LINK>
   <LINK dstnodeid="8" dstpinname="Remote Host" srcnodeid="4" srcpinname="Output String">
   </LINK>
   <NODE nodename="IOBox (String)" componentmode="InABox" id="15" systemname="IOBox (String)">
   <BOUNDS type="Node" left="4275" top="6060" width="1170" height="270">
   </BOUNDS>
   <BOUNDS type="Box" left="4275" top="6060" width="1170" height="270">
   </BOUNDS>
   <PIN pinname="Input String" visible="0" slicecount="1" values="|&lt; remote host|">
   </PIN>
   <PIN pinname="Output String" visible="0">
   </PIN>
   <PIN pinname="Show Grid" slicecount="1" values="0">
   </PIN>
   <PIN pinname="String Type" slicecount="1" values="MultiLine">
   </PIN>
   </NODE>
   <NODE nodename="IOBox (String)" componentmode="InABox" id="16" systemname="IOBox (String)">
   <BOUNDS type="Node" left="4275" top="6705" width="1170" height="270">
   </BOUNDS>
   <BOUNDS type="Box" left="4275" top="6705" width="1170" height="270">
   </BOUNDS>
   <PIN pinname="Input String" visible="0" slicecount="1" values="|&lt; remote port|">
   </PIN>
   <PIN pinname="Output String" visible="0">
   </PIN>
   <PIN pinname="Show Grid" slicecount="1" values="0">
   </PIN>
   <PIN pinname="String Type" slicecount="1" values="MultiLine">
   </PIN>
   </NODE>
   <NODE id="36" nodename="Toggle (Animation)" systemname="Toggle (Animation)">
   <BOUNDS height="0" left="821" top="6381" type="Node" width="0">
   </BOUNDS>
   <PIN pinname="Input" visible="1">
   </PIN>
   <PIN pinname="Output" visible="1">
   </PIN>
   <PIN pinname="Inverse Output" visible="1">
   </PIN>
   </NODE>
   <NODE id="35" nodename="LFO (Animation)" systemname="LFO (Animation)">
   <BOUNDS height="0" left="418" top="5442" type="Node" width="0">
   </BOUNDS>
   <PIN pinname="Output" visible="1">
   </PIN>
   <PIN pinname="Change" visible="1">
   </PIN>
   <PIN pinname="Period" slicecount="1" values="0.01">
   </PIN>
   </NODE>
   <LINK srcnodeid="35" srcpinname="Change" dstnodeid="36" dstpinname="Input">
   </LINK>
   <NODE systemname="IOBox (Value Advanced)" nodename="IOBox (Value Advanced)" componentmode="InABox" id="39" hiddenwhenlocked="1">
   <BOUNDS type="Node" left="1500" top="2010" width="100" height="100">
   </BOUNDS>
   <BOUNDS type="Box" left="1500" top="2010" width="765" height="1950">
   </BOUNDS>
   <PIN pinname="Value Type" slicecount="1" values="Integer">
   </PIN>
   <PIN pinname="Rows" slicecount="1" values="8">
   </PIN>
   <PIN pinname="Show SliceIndex" slicecount="1" values="1">
   </PIN>
   <PIN pinname="Show Grid" slicecount="1" values="1">
   </PIN>
   <PIN pinname="Columns" slicecount="1" values="1">
   </PIN>
   <PIN pinname="Pages" slicecount="1" values="1">
   </PIN>
   <PIN pinname="SliceCount Mode" slicecount="1" values="ColsRowsPages">
   </PIN>
   <PIN pinname="Y Input Value" slicecount="8" values="88,89,0,0,0,0,20,0" visible="1">
   </PIN>
   <PIN pinname="Y Output Value" visible="1">
   </PIN>
   </NODE>
   <NODE systemname="Switch (Value Input)" nodename="Switch (Value Input)" componentmode="Hidden" id="44">
   <BOUNDS type="Node" left="1410" top="6915" width="100" height="100">
   </BOUNDS>
   <PIN pinname="Input 1" visible="1" slicecount="8" values="88,89,0,0,0,0,5,0">
   </PIN>
   <PIN pinname="Input 2" visible="1" slicecount="4" values="11,1,25,30">
   </PIN>
   <PIN pinname="Switch" visible="1">
   </PIN>
   <PIN pinname="Output" visible="1">
   </PIN>
   </NODE>
   <LINK srcnodeid="36" srcpinname="Output" dstnodeid="44" dstpinname="Switch">
   </LINK>
   <NODE systemname="AsRaw (Value)" filename="%VVVV%\lib\nodes\plugins\VVVV.Nodes.dll" nodename="AsRaw (Value)" componentmode="Hidden" id="45">
   <BOUNDS type="Node" left="1290" top="7395" width="100" height="100">
   </BOUNDS>
   <PIN pinname="Input" visible="1">
   </PIN>
   <PIN pinname="Format" slicecount="1" values="SByte">
   </PIN>
   <PIN pinname="Output" visible="1">
   </PIN>
   </NODE>
   <LINK srcnodeid="44" srcpinname="Output" dstnodeid="45" dstpinname="Input">
   </LINK>
   <LINK srcnodeid="45" srcpinname="Output" dstnodeid="8" dstpinname="Input">
   </LINK>
   <NODE systemname="IOBox (Value Advanced)" nodename="IOBox (Value Advanced)" componentmode="InABox" id="55" hiddenwhenlocked="1">
   <BOUNDS type="Node" left="4110" top="1785" width="100" height="100">
   </BOUNDS>
   <BOUNDS type="Box" left="4110" top="1785" width="765" height="1950">
   </BOUNDS>
   <PIN pinname="Value Type" slicecount="1" values="Integer">
   </PIN>
   <PIN pinname="Rows" slicecount="1" values="8">
   </PIN>
   <PIN pinname="Show SliceIndex" slicecount="1" values="1">
   </PIN>
   <PIN pinname="Show Grid" slicecount="1" values="1">
   </PIN>
   <PIN pinname="Columns" slicecount="1" values="1">
   </PIN>
   <PIN pinname="Pages" slicecount="1" values="1">
   </PIN>
   <PIN pinname="SliceCount Mode" slicecount="1" values="ColsRowsPages">
   </PIN>
   <PIN pinname="Y Input Value" slicecount="8" visible="1" values="88,89,1,0,0,0,35,0">
   </PIN>
   <PIN pinname="Y Output Value" visible="1">
   </PIN>
   </NODE>
   <LINK srcnodeid="55" srcpinname="Y Output Value" dstnodeid="44" dstpinname="Input 2">
   </LINK>
   <LINK srcnodeid="35" srcpinname="Change" dstnodeid="8" dstpinname="Do Send">
   </LINK>
   <LINK srcnodeid="39" srcpinname="Y Output Value" dstnodeid="44" dstpinname="Input 1">
   </LINK>
   </PATCH>